<?xml version="1.0" encoding="UTF-8"?>
<export version="E">
  <design>
    <source>D:\Arihant Project files\CurrentSensor\CT\CTcircuit\CTcircuitMain\CTcircuit.kicad_sch</source>
    <date>1/10/2022 2:30:45 PM</date>
    <tool>Eeschema (6.0.0)</tool>
    <sheet number="1" name="/" tstamps="/">
      <title_block>
        <title/>
        <company/>
        <rev/>
        <date/>
        <source>CTcircuit.kicad_sch</source>
        <comment number="1" value=""/>
        <comment number="2" value=""/>
        <comment number="3" value=""/>
        <comment number="4" value=""/>
        <comment number="5" value=""/>
        <comment number="6" value=""/>
        <comment number="7" value=""/>
        <comment number="8" value=""/>
        <comment number="9" value=""/>
      </title_block>
    </sheet>
  </design>
  <components>
    <comp ref="C1">
      <value>104</value>
      <footprint>Capacitor_SMD:C_0805_2012Metric</footprint>
      <libsource lib="Device" part="C" description="Unpolarized capacitor"/>
      <property name="Sheetname" value=""/>
      <property name="Sheetfile" value="CTcircuit.kicad_sch"/>
      <sheetpath names="/" tstamps="/"/>
      <tstamps>45bbf144-c808-4dee-b456-33ed481ea160</tstamps>
    </comp>
    <comp ref="C2">
      <value>104</value>
      <footprint>Capacitor_SMD:C_0805_2012Metric</footprint>
      <libsource lib="Device" part="C" description="Unpolarized capacitor"/>
      <property name="Sheetname" value=""/>
      <property name="Sheetfile" value="CTcircuit.kicad_sch"/>
      <sheetpath names="/" tstamps="/"/>
      <tstamps>0eb3afb1-b26f-4aa6-95b8-c0f22ccd818d</tstamps>
    </comp>
    <comp ref="C3">
      <value>103</value>
      <footprint>Capacitor_SMD:C_0805_2012Metric</footprint>
      <libsource lib="Device" part="C" description="Unpolarized capacitor"/>
      <property name="Sheetname" value=""/>
      <property name="Sheetfile" value="CTcircuit.kicad_sch"/>
      <sheetpath names="/" tstamps="/"/>
      <tstamps>98b00c9d-9188-4bce-aa70-92d12dd9cf82</tstamps>
    </comp>
    <comp ref="C4">
      <value>1uF</value>
      <footprint>Capacitor_SMD:C_0805_2012Metric</footprint>
      <libsource lib="Device" part="C" description="Unpolarized capacitor"/>
      <property name="Sheetname" value=""/>
      <property name="Sheetfile" value="CTcircuit.kicad_sch"/>
      <sheetpath names="/" tstamps="/"/>
      <tstamps>d6365783-a883-4272-b1b4-2938c5b425f2</tstamps>
    </comp>
    <comp ref="C5">
      <value>1uF</value>
      <footprint>Capacitor_SMD:C_0805_2012Metric</footprint>
      <libsource lib="Device" part="C" description="Unpolarized capacitor"/>
      <property name="Sheetname" value=""/>
      <property name="Sheetfile" value="CTcircuit.kicad_sch"/>
      <sheetpath names="/" tstamps="/"/>
      <tstamps>284132f2-8c49-491a-9b8e-f6cffd426317</tstamps>
    </comp>
    <comp ref="C6">
      <value>1uF</value>
      <footprint>Capacitor_SMD:C_0805_2012Metric</footprint>
      <libsource lib="Device" part="C" description="Unpolarized capacitor"/>
      <property name="Sheetname" value=""/>
      <property name="Sheetfile" value="CTcircuit.kicad_sch"/>
      <sheetpath names="/" tstamps="/"/>
      <tstamps>2796ff34-9b66-437f-8696-541e4204bf08</tstamps>
    </comp>
    <comp ref="C7">
      <value>10uF</value>
      <footprint>Capacitor_SMD:C_0805_2012Metric</footprint>
      <libsource lib="Device" part="C" description="Unpolarized capacitor"/>
      <property name="Sheetname" value=""/>
      <property name="Sheetfile" value="CTcircuit.kicad_sch"/>
      <sheetpath names="/" tstamps="/"/>
      <tstamps>72c8bab7-3236-4d5e-a06f-9f8b3d4cd3c8</tstamps>
    </comp>
    <comp ref="J1">
      <value>Primary terminal</value>
      <footprint>Connector_PinHeader_2.54mm:PinHeader_1x04_P2.54mm_Vertical</footprint>
      <libsource lib="Connector" part="Conn_01x04_Male" description="Generic connector, single row, 01x04, script generated (kicad-library-utils/schlib/autogen/connector/)"/>
      <property name="Sheetname" value=""/>
      <property name="Sheetfile" value="CTcircuit.kicad_sch"/>
      <sheetpath names="/" tstamps="/"/>
      <tstamps>2e8bdcd1-bc27-4b3e-a941-c179ea057e62</tstamps>
    </comp>
    <comp ref="J2">
      <value>Secondry terminal</value>
      <footprint>Connector_PinHeader_2.54mm:PinHeader_1x09_P2.54mm_Vertical</footprint>
      <libsource lib="Connector" part="Conn_01x09_Male" description="Generic connector, single row, 01x09, script generated (kicad-library-utils/schlib/autogen/connector/)"/>
      <property name="Sheetname" value=""/>
      <property name="Sheetfile" value="CTcircuit.kicad_sch"/>
      <sheetpath names="/" tstamps="/"/>
      <tstamps>d056f76e-4fad-4e09-bbcf-60ca505db761</tstamps>
    </comp>
    <comp ref="R1">
      <value>35E/1W</value>
      <footprint>Resistor_SMD:R_0805_2012Metric</footprint>
      <libsource lib="Device" part="R" description="Resistor"/>
      <property name="Sheetname" value=""/>
      <property name="Sheetfile" value="CTcircuit.kicad_sch"/>
      <sheetpath names="/" tstamps="/"/>
      <tstamps>bc74a54d-0d2f-47dc-9f4a-a4bc93739d93</tstamps>
    </comp>
    <comp ref="R2">
      <value>1M</value>
      <footprint>Resistor_SMD:R_0805_2012Metric</footprint>
      <libsource lib="Device" part="R" description="Resistor"/>
      <property name="Sheetname" value=""/>
      <property name="Sheetfile" value="CTcircuit.kicad_sch"/>
      <sheetpath names="/" tstamps="/"/>
      <tstamps>6c831e8a-e665-46de-8483-abf6977c42c6</tstamps>
    </comp>
    <comp ref="R3">
      <value>R</value>
      <footprint>Resistor_SMD:R_0805_2012Metric</footprint>
      <libsource lib="Device" part="R" description="Resistor"/>
      <property name="Sheetname" value=""/>
      <property name="Sheetfile" value="CTcircuit.kicad_sch"/>
      <sheetpath names="/" tstamps="/"/>
      <tstamps>7d8fc6ad-0823-4c3a-a2c7-84617f0aaaaf</tstamps>
    </comp>
    <comp ref="R4">
      <value>0E</value>
      <footprint>Resistor_SMD:R_0805_2012Metric</footprint>
      <libsource lib="Device" part="R" description="Resistor"/>
      <property name="Sheetname" value=""/>
      <property name="Sheetfile" value="CTcircuit.kicad_sch"/>
      <sheetpath names="/" tstamps="/"/>
      <tstamps>e7824a7b-25e6-4e08-835c-58423e5ce354</tstamps>
    </comp>
    <comp ref="R5">
      <value>1K</value>
      <footprint>Resistor_SMD:R_0805_2012Metric</footprint>
      <libsource lib="Device" part="R" description="Resistor"/>
      <property name="Sheetname" value=""/>
      <property name="Sheetfile" value="CTcircuit.kicad_sch"/>
      <sheetpath names="/" tstamps="/"/>
      <tstamps>6e14615b-3739-4483-a32b-17defef60f2a</tstamps>
    </comp>
    <comp ref="R6">
      <value>R</value>
      <footprint>Resistor_SMD:R_0805_2012Metric</footprint>
      <libsource lib="Device" part="R" description="Resistor"/>
      <property name="Sheetname" value=""/>
      <property name="Sheetfile" value="CTcircuit.kicad_sch"/>
      <sheetpath names="/" tstamps="/"/>
      <tstamps>6c982c6f-7814-47dc-9eda-1000a5fbbbac</tstamps>
    </comp>
    <comp ref="R7">
      <value>10K</value>
      <footprint>Resistor_SMD:R_0805_2012Metric</footprint>
      <libsource lib="Device" part="R" description="Resistor"/>
      <property name="Sheetname" value=""/>
      <property name="Sheetfile" value="CTcircuit.kicad_sch"/>
      <sheetpath names="/" tstamps="/"/>
      <tstamps>e47a21db-dab2-46e4-8ea1-19f7239f5571</tstamps>
    </comp>
    <comp ref="R8">
      <value>10K</value>
      <footprint>Resistor_SMD:R_0805_2012Metric</footprint>
      <libsource lib="Device" part="R" description="Resistor"/>
      <property name="Sheetname" value=""/>
      <property name="Sheetfile" value="CTcircuit.kicad_sch"/>
      <sheetpath names="/" tstamps="/"/>
      <tstamps>59ed0904-a264-4149-bbfc-d80a1a95e861</tstamps>
    </comp>
    <comp ref="R9">
      <value>10K</value>
      <footprint>Resistor_SMD:R_0805_2012Metric</footprint>
      <libsource lib="Device" part="R" description="Resistor"/>
      <property name="Sheetname" value=""/>
      <property name="Sheetfile" value="CTcircuit.kicad_sch"/>
      <sheetpath names="/" tstamps="/"/>
      <tstamps>15284868-9d22-4d4c-a822-9854a334e59a</tstamps>
    </comp>
    <comp ref="U1">
      <value>AD8421</value>
      <footprint>Package_SO:HSOP-8-1EP_3.9x4.9mm_P1.27mm_EP2.3x2.3mm</footprint>
      <datasheet>https://www.analog.com/media/en/technical-documentation/data-sheets/AD8421.pdf</datasheet>
      <libsource lib="Amplifier_Instrumentation" part="AD8421" description="Single Low Power Instrumentation Amplifier, SOIC-8/MSOP-8"/>
      <property name="Sheetname" value=""/>
      <property name="Sheetfile" value="CTcircuit.kicad_sch"/>
      <sheetpath names="/" tstamps="/"/>
      <tstamps>cd5baffa-b102-4ae2-b6ad-32c1244cca3d</tstamps>
    </comp>
    <comp ref="U2">
      <value>OP07</value>
      <footprint>Package_SO:HSOP-8-1EP_3.9x4.9mm_P1.27mm_EP2.3x2.3mm</footprint>
      <datasheet>https://www.analog.com/media/en/technical-documentation/data-sheets/OP07.pdf</datasheet>
      <libsource lib="Amplifier_Operational" part="OP07" description="Single Ultra-Low Offset Voltage Operational Amplifier, DIP-8/SOIC-8"/>
      <property name="Sheetname" value=""/>
      <property name="Sheetfile" value="CTcircuit.kicad_sch"/>
      <sheetpath names="/" tstamps="/"/>
      <tstamps>cdb302ad-7575-4b72-8524-81eb18700ec0</tstamps>
    </comp>
    <comp ref="U3">
      <value>LMH6321</value>
      <footprint>Package_SO:HSOP-8-1EP_3.9x4.9mm_P1.27mm_EP2.41x3.1mm_ThermalVias</footprint>
      <datasheet>https://www.ti.com/lit/ds/symlink/lmh6321.pdf?ts=1640855129134&amp;ref_url=https%253A%252F%252Fwww.google.com%252F</datasheet>
      <libsource lib="LMH6321" part="LMH6321" description=""/>
      <property name="Sheetname" value=""/>
      <property name="Sheetfile" value="CTcircuit.kicad_sch"/>
      <sheetpath names="/" tstamps="/"/>
      <tstamps>ac929a9a-8e5f-4355-94f1-88709046afef</tstamps>
    </comp>
  </components>
  <libparts>
    <libpart lib="Amplifier_Instrumentation" part="AD8421">
      <description>Single Low Power Instrumentation Amplifier, SOIC-8/MSOP-8</description>
      <docs>https://www.analog.com/media/en/technical-documentation/data-sheets/AD8421.pdf</docs>
      <footprints>
        <fp>SOIC*3.9x4.9mm*P1.27mm*</fp>
        <fp>MSOP*3x3mm*P0.65mm*</fp>
      </footprints>
      <fields>
        <field name="Reference">U</field>
        <field name="Value">AD8421</field>
        <field name="Datasheet">https://www.analog.com/media/en/technical-documentation/data-sheets/AD8421.pdf</field>
      </fields>
      <pins>
        <pin num="1" name="-" type="input"/>
        <pin num="2" name="Rg" type="passive"/>
        <pin num="3" name="Rg" type="passive"/>
        <pin num="4" name="+" type="input"/>
        <pin num="5" name="Vs-" type="power_in"/>
        <pin num="6" name="Ref" type="passive"/>
        <pin num="7" name="" type="output"/>
        <pin num="8" name="Vs+" type="power_in"/>
      </pins>
    </libpart>
    <libpart lib="Amplifier_Operational" part="OP07">
      <description>Single Ultra-Low Offset Voltage Operational Amplifier, DIP-8/SOIC-8</description>
      <docs>https://www.analog.com/media/en/technical-documentation/data-sheets/OP07.pdf</docs>
      <footprints>
        <fp>DIP*W7.62mm*</fp>
        <fp>SOIC*3.9x4.9mm*P1.27mm*</fp>
        <fp>TO*99*</fp>
      </footprints>
      <fields>
        <field name="Reference">U</field>
        <field name="Value">OP07</field>
        <field name="Datasheet">https://www.analog.com/media/en/technical-documentation/data-sheets/OP07.pdf</field>
      </fields>
      <pins>
        <pin num="1" name="VOS" type="input"/>
        <pin num="2" name="-" type="input"/>
        <pin num="3" name="+" type="input"/>
        <pin num="4" name="V-" type="power_in"/>
        <pin num="5" name="NC" type="no_connect"/>
        <pin num="6" name="" type="output"/>
        <pin num="7" name="V+" type="power_in"/>
        <pin num="8" name="VOS" type="input"/>
      </pins>
    </libpart>
    <libpart lib="Connector" part="Conn_01x04_Male">
      <description>Generic connector, single row, 01x04, script generated (kicad-library-utils/schlib/autogen/connector/)</description>
      <docs>~</docs>
      <footprints>
        <fp>Connector*:*_1x??_*</fp>
      </footprints>
      <fields>
        <field name="Reference">J</field>
        <field name="Value">Conn_01x04_Male</field>
        <field name="Datasheet">~</field>
      </fields>
      <pins>
        <pin num="1" name="Pin_1" type="passive"/>
        <pin num="2" name="Pin_2" type="passive"/>
        <pin num="3" name="Pin_3" type="passive"/>
        <pin num="4" name="Pin_4" type="passive"/>
      </pins>
    </libpart>
    <libpart lib="Connector" part="Conn_01x09_Male">
      <description>Generic connector, single row, 01x09, script generated (kicad-library-utils/schlib/autogen/connector/)</description>
      <docs>~</docs>
      <footprints>
        <fp>Connector*:*_1x??_*</fp>
      </footprints>
      <fields>
        <field name="Reference">J</field>
        <field name="Value">Conn_01x09_Male</field>
        <field name="Datasheet">~</field>
      </fields>
      <pins>
        <pin num="1" name="Pin_1" type="passive"/>
        <pin num="2" name="Pin_2" type="passive"/>
        <pin num="3" name="Pin_3" type="passive"/>
        <pin num="4" name="Pin_4" type="passive"/>
        <pin num="5" name="Pin_5" type="passive"/>
        <pin num="6" name="Pin_6" type="passive"/>
        <pin num="7" name="Pin_7" type="passive"/>
        <pin num="8" name="Pin_8" type="passive"/>
        <pin num="9" name="Pin_9" type="passive"/>
      </pins>
    </libpart>
    <libpart lib="Device" part="C">
      <description>Unpolarized capacitor</description>
      <docs>~</docs>
      <footprints>
        <fp>C_*</fp>
      </footprints>
      <fields>
        <field name="Reference">C</field>
        <field name="Value">C</field>
        <field name="Datasheet">~</field>
      </fields>
      <pins>
        <pin num="1" name="" type="passive"/>
        <pin num="2" name="" type="passive"/>
      </pins>
    </libpart>
    <libpart lib="Device" part="R">
      <description>Resistor</description>
      <docs>~</docs>
      <footprints>
        <fp>R_*</fp>
      </footprints>
      <fields>
        <field name="Reference">R</field>
        <field name="Value">R</field>
        <field name="Datasheet">~</field>
      </fields>
      <pins>
        <pin num="1" name="" type="passive"/>
        <pin num="2" name="" type="passive"/>
      </pins>
    </libpart>
    <libpart lib="LMH6321" part="LMH6321">
      <fields>
        <field name="Reference">U</field>
        <field name="Value">LMH6321</field>
      </fields>
      <pins>
        <pin num="1" name="EF" type="output"/>
        <pin num="2" name="CL" type="output"/>
        <pin num="3" name="VIN" type="input"/>
        <pin num="4" name="V-" type="input"/>
        <pin num="5" name="GND" type="input"/>
        <pin num="6" name="VOUT" type="input"/>
        <pin num="7" name="V+" type="input"/>
        <pin num="8" name="NC" type="no_connect"/>
      </pins>
    </libpart>
  </libparts>
  <libraries>
    <library logical="Amplifier_Instrumentation">
      <uri>C:\Program Files\KiCad\6.0\share\kicad\symbols\/Amplifier_Instrumentation.kicad_sym</uri>
    </library>
    <library logical="Amplifier_Operational">
      <uri>C:\Program Files\KiCad\6.0\share\kicad\symbols\/Amplifier_Operational.kicad_sym</uri>
    </library>
    <library logical="Connector">
      <uri>C:\Program Files\KiCad\6.0\share\kicad\symbols\/Connector.kicad_sym</uri>
    </library>
    <library logical="Device">
      <uri>C:\Program Files\KiCad\6.0\share\kicad\symbols\/Device.kicad_sym</uri>
    </library>
    <library logical="LMH6321">
      <uri>D:\Arihant Project files\CurrentSensor\CT\CTcircuit\CTcircuitMain/LMH6321.kicad_sym</uri>
    </library>
  </libraries>
  <nets>
    <net code="1" name="+15V">
      <node ref="C4" pin="1" pintype="passive"/>
      <node ref="C5" pin="1" pintype="passive"/>
      <node ref="C6" pin="1" pintype="passive"/>
      <node ref="C7" pin="1" pintype="passive"/>
      <node ref="J2" pin="1" pinfunction="Pin_1" pintype="passive"/>
      <node ref="R7" pin="1" pintype="passive"/>
      <node ref="R8" pin="2" pintype="passive"/>
      <node ref="R9" pin="1" pintype="passive"/>
      <node ref="U1" pin="8" pinfunction="Vs+" pintype="power_in"/>
      <node ref="U2" pin="7" pinfunction="V+" pintype="power_in"/>
      <node ref="U3" pin="7" pinfunction="V+" pintype="input"/>
    </net>
    <net code="2" name="-15V">
      <node ref="J2" pin="3" pinfunction="Pin_3" pintype="passive"/>
      <node ref="U1" pin="5" pinfunction="Vs-" pintype="power_in"/>
      <node ref="U2" pin="4" pinfunction="V-" pintype="power_in"/>
      <node ref="U3" pin="4" pinfunction="V-" pintype="input"/>
    </net>
    <net code="3" name="FB">
      <node ref="C3" pin="1" pintype="passive"/>
      <node ref="R3" pin="2" pintype="passive"/>
      <node ref="R6" pin="1" pintype="passive"/>
      <node ref="U2" pin="2" pinfunction="-" pintype="input"/>
    </net>
    <net code="4" name="GND">
      <node ref="C1" pin="2" pintype="passive"/>
      <node ref="C2" pin="2" pintype="passive"/>
      <node ref="C4" pin="2" pintype="passive"/>
      <node ref="C5" pin="2" pintype="passive"/>
      <node ref="C6" pin="2" pintype="passive"/>
      <node ref="C7" pin="2" pintype="passive"/>
      <node ref="J2" pin="4" pinfunction="Pin_4" pintype="passive"/>
      <node ref="R3" pin="1" pintype="passive"/>
      <node ref="U1" pin="6" pinfunction="Ref" pintype="passive"/>
      <node ref="U3" pin="1" pinfunction="EF" pintype="output"/>
      <node ref="U3" pin="5" pinfunction="GND" pintype="input"/>
    </net>
    <net code="5" name="N1">
      <node ref="R8" pin="1" pintype="passive"/>
      <node ref="U2" pin="1" pinfunction="VOS" pintype="input"/>
    </net>
    <net code="6" name="N2">
      <node ref="R9" pin="2" pintype="passive"/>
      <node ref="U2" pin="8" pinfunction="VOS" pintype="input"/>
    </net>
    <net code="7" name="Net-(C1-Pad1)">
      <node ref="C1" pin="1" pintype="passive"/>
      <node ref="R4" pin="2" pintype="passive"/>
      <node ref="U1" pin="7" pintype="output"/>
    </net>
    <net code="8" name="Net-(C2-Pad1)">
      <node ref="C2" pin="1" pintype="passive"/>
      <node ref="R5" pin="2" pintype="passive"/>
      <node ref="U2" pin="6" pintype="output"/>
    </net>
    <net code="9" name="Net-(J1-Pad3)">
      <node ref="J1" pin="3" pinfunction="Pin_3" pintype="passive"/>
      <node ref="R1" pin="1" pintype="passive"/>
      <node ref="U1" pin="1" pinfunction="-" pintype="input"/>
    </net>
    <net code="10" name="Net-(J1-Pad4)">
      <node ref="J1" pin="4" pinfunction="Pin_4" pintype="passive"/>
      <node ref="R1" pin="2" pintype="passive"/>
      <node ref="U1" pin="4" pinfunction="+" pintype="input"/>
    </net>
    <net code="11" name="Net-(R2-Pad1)">
      <node ref="R2" pin="1" pintype="passive"/>
      <node ref="U1" pin="2" pinfunction="Rg" pintype="passive"/>
    </net>
    <net code="12" name="Net-(R2-Pad2)">
      <node ref="R2" pin="2" pintype="passive"/>
      <node ref="U1" pin="3" pinfunction="Rg" pintype="passive"/>
    </net>
    <net code="13" name="Net-(R4-Pad1)">
      <node ref="R4" pin="1" pintype="passive"/>
      <node ref="U2" pin="3" pinfunction="+" pintype="input"/>
    </net>
    <net code="14" name="Net-(R5-Pad1)">
      <node ref="R5" pin="1" pintype="passive"/>
      <node ref="U3" pin="3" pinfunction="VIN" pintype="input"/>
    </net>
    <net code="15" name="Net-(R7-Pad2)">
      <node ref="R7" pin="2" pintype="passive"/>
      <node ref="U3" pin="2" pinfunction="CL" pintype="output"/>
    </net>
    <net code="16" name="Test_winding+">
      <node ref="J1" pin="2" pinfunction="Pin_2" pintype="passive"/>
      <node ref="J2" pin="8" pinfunction="Pin_8" pintype="passive"/>
    </net>
    <net code="17" name="Test_winding-">
      <node ref="J1" pin="1" pinfunction="Pin_1" pintype="passive"/>
      <node ref="J2" pin="9" pinfunction="Pin_9" pintype="passive"/>
    </net>
    <net code="18" name="V_OUT">
      <node ref="C3" pin="2" pintype="passive"/>
      <node ref="J2" pin="2" pinfunction="Pin_2" pintype="passive"/>
      <node ref="R6" pin="2" pintype="passive"/>
      <node ref="U3" pin="6" pinfunction="VOUT" pintype="input"/>
    </net>
    <net code="19" name="unconnected-(J2-Pad5)">
      <node ref="J2" pin="5" pinfunction="Pin_5" pintype="passive+no_connect"/>
    </net>
    <net code="20" name="unconnected-(J2-Pad6)">
      <node ref="J2" pin="6" pinfunction="Pin_6" pintype="passive+no_connect"/>
    </net>
    <net code="21" name="unconnected-(J2-Pad7)">
      <node ref="J2" pin="7" pinfunction="Pin_7" pintype="passive+no_connect"/>
    </net>
    <net code="22" name="unconnected-(U2-Pad5)">
      <node ref="U2" pin="5" pinfunction="NC" pintype="no_connect"/>
    </net>
    <net code="23" name="unconnected-(U3-Pad8)">
      <node ref="U3" pin="8" pinfunction="NC" pintype="no_connect"/>
    </net>
  </nets>
</export>
