Source:,D:\Arihant Project files\CurrentSensor\CT\CTcircuit\CTcircuitMain\CTcircuit.kicad_sch,,,,,,,,,,,,,
,,,,,,,,,,,,,,
Date:,1/10/2022 14:30,,,,,,,,,,,,,
,,,,,,,,,,,,,,
Tool:,Eeschema (6.0.0),,,,,,,,,,,,,
,,,,,,,,,,,,,,
Generator:,C:\Program Files\KiCad\6.0\bin\scripting\plugins/bom_csv_grouped_by_value_with_fp.py,,,,,,,,,,,,,
,,,,,,,,,,,,,,
Component Count:,21,,,,,,,,,,,,,
,,,,,,,,,,,,,,
Ref,Qnty,Value,Cmp name,Footprint,Description,Vendor,,,,,,,,
,,,,,,,,,,,,,,
"C1, C2, ",2,104,C,Capacitor_SMD:C_0805_2012Metric,Unpolarized capacitor,,,,,,,,,
,,,,,,,,,,,,,,
"C3, ",1,103,C,Capacitor_SMD:C_0805_2012Metric,Unpolarized capacitor,,,,,,,,,
,,,,,,,,,,,,,,
"C4, C5, C6, ",3,1uF,C,Capacitor_SMD:C_0805_2012Metric,Unpolarized capacitor,,,,,,,,,
,,,,,,,,,,,,,,
"C7, ",1,10uF,C,Capacitor_SMD:C_0805_2012Metric,Unpolarized capacitor,,,,,,,,,
,,,,,,,,,,,,,,
"J1, ",1,Primary terminal,,Connector_PinHeader_2.54mm:PinHeader_1x04_P2.54mm_Vertical,"Generic connector, single row, 01x04, script generated (kicad-library-utils/schlib/autogen/connector/)",,,,,,,,,Conn_01x04_Male
,,,,,,,,,,,,,,
"J2, ",1,Secondry terminal,Conn_01x09_Male,Connector_PinHeader_2.54mm:PinHeader_1x09_P2.54mm_Vertical,"Generic connector, single row, 01x09, script generated (kicad-library-utils/schlib/autogen/connector/)",,,,,,,,,
,,,,,,,,,,,,,,
"R1, ",1,35E/1W,R,Resistor_SMD:R_0805_2012Metric,Resistor,,,,,,,,,
,,,,,,,,,,,,,,
"R2, ",1,1M,R,Resistor_SMD:R_0805_2012Metric,Resistor,,,,,,,,,
,,,,,,,,,,,,,,
"R3, R6, ",2,R,R,Resistor_SMD:R_0805_2012Metric,Resistor,,,,,,,,,
,,,,,,,,,,,,,,
"R4, ",1,0E,R,Resistor_SMD:R_0805_2012Metric,Resistor,,,,,,,,,
,,,,,,,,,,,,,,
"R5, ",1,1K,R,Resistor_SMD:R_0805_2012Metric,Resistor,,,,,,,,,
,,,,,,,,,,,,,,
"R7, R8, R9, ",3,10K,R,Resistor_SMD:R_0805_2012Metric,Resistor,,,,,,,,,
,,,,,,,,,,,,,,
"U1, ",1,AD8421,AD8421,Package_SO:HSOP-8-1EP_3.9x4.9mm_P1.27mm_EP2.3x2.3mm,"Single Low Power Instrumentation Amplifier, SOIC-8/MSOP-8",,,,,,,,,
,,,,,,,,,,,,,,
"U2, ",1,OP07,OP07,,"Single Ultra-Low Offset Voltage Operational Amplifier, DIP-8/SOIC-8","Single Ultra-Low Offset Voltage Operational Amplifier, DIP-8/SOIC-9","Single Ultra-Low Offset Voltage Operational Amplifier, DIP-8/SOIC-10","Single Ultra-Low Offset Voltage Operational Amplifier, DIP-8/SOIC-11","Single Ultra-Low Offset Voltage Operational Amplifier, DIP-8/SOIC-12","Single Ultra-Low Offset Voltage Operational Amplifier, DIP-8/SOIC-13","Single Ultra-Low Offset Voltage Operational Amplifier, DIP-8/SOIC-14","Single Ultra-Low Offset Voltage Operational Amplifier, DIP-8/SOIC-15","Single Ultra-Low Offset Voltage Operational Amplifier, DIP-8/SOIC-16",
,,,,,,,,,,,,,,
"U3, ",1,LMH6321,LMH6321,Package_SO:HSOP-8-1EP_3.9x4.9mm_P1.27mm_EP2.41x3.1mm_ThermalVias,,,,,,,,,,
